"plot_id","trap","date_set","duration","carabidae_n","abax_ovalis","abax_parallelepipedus","abax_parallelus","carabus_auronitens","carabus_auratus","carabus_coriaceus","carabus_intricatus","carabus_irregularis","carabus_nemoralis","carabus_problematicus","carabus_sylvestris","carabus_violaceus","carabus_arcensis","cychrus_attenuatus","cychrus_caraboides","dromius_agilis","harpalus_laevipes","harpalus_latus","leistus_rufomarginatus","molops_elatus","molops_piceus","nebria_brevicollis","nebria_salina","notiophilus_biguttatus","notiophilus_rufipes","pterostichus_niger","pterostichus_aethiops","pterostichus_burmeisteri","pterostichus_oblongopunctatus","pterostichus_madidus","pterostichus_melanarius","pterostichus_cristatus","pterostichus_nigrita","trichotichnus_laevicollis","trichotichnus_nitens","poecilus_cupreus","pterostichus_pumilio","pterostichus_diligens","limodromus_assimilis","calathus_micropterus","licinus_hoffmanseggii","comments"
"CFB001","CE",2020-05-20,34,4,1,1,0,0,0,0,0,0,2,0,0,0,0,0,0,0,0,0,0,0,0,0,0,0,0,0,0,0,0,0,0,0,0,0,0,0,0,0,0,0,0,NA
"CFB001","NW",2020-05-20,34,64,37,16,0,2,0,0,0,0,2,0,1,0,0,0,0,0,0,0,0,0,0,0,0,0,0,0,0,6,0,0,0,0,0,0,0,0,0,0,0,0,0,NA
"CFB001","SE",2020-05-20,34,18,5,3,0,4,0,0,0,0,0,0,0,0,0,0,0,0,0,0,0,0,1,0,0,0,0,0,0,3,0,1,0,0,0,0,1,0,0,0,0,0,0,NA
"CFB002","CE",2020-05-06,37,6,0,1,0,5,0,0,0,0,0,0,0,0,0,0,0,0,0,0,0,0,0,0,0,0,0,0,0,0,0,0,0,0,0,0,0,0,0,0,0,0,0,NA
"CFB002","NW",2020-05-06,37,1,0,0,0,0,0,0,0,0,0,0,0,0,0,0,0,0,0,0,0,0,1,0,0,0,0,0,0,0,0,0,0,0,0,0,0,0,0,0,0,0,0,NA
"CFB002","SE",2020-05-06,37,1,0,0,0,0,0,0,0,0,0,0,0,0,0,0,0,0,0,0,0,0,0,0,0,0,0,0,0,0,1,0,0,0,0,0,0,0,0,0,0,0,0,NA
"CFB003","CE",2020-05-19,36,26,12,6,0,1,0,0,0,0,0,0,0,0,0,0,0,0,0,0,0,0,0,0,0,0,0,0,0,6,0,0,0,0,0,0,0,0,1,0,0,0,0,NA
"CFB003","NW",2020-05-19,36,16,0,0,0,0,0,0,0,0,0,0,0,0,0,0,0,0,0,0,0,0,1,0,0,0,0,0,0,15,0,0,0,0,0,0,0,0,0,0,0,0,0,NA
"CFB003","SE",2020-05-19,98,46,13,21,0,5,0,0,0,0,0,0,1,0,0,0,0,0,0,0,0,1,0,0,0,0,0,0,0,5,0,0,0,0,0,0,0,0,0,0,0,0,0,"initially not found, and then collected > 50 days after placement"
"CFB005","NW",2020-05-06,33,46,7,27,0,4,0,0,0,0,0,0,0,0,0,0,0,0,0,0,0,0,0,0,0,0,0,0,0,5,3,0,0,0,0,0,0,0,0,0,0,0,0,NA
"CFB005","CE",2020-05-06,33,47,15,20,0,3,0,0,0,0,0,0,1,0,0,0,0,0,0,0,0,0,0,0,0,0,0,0,0,8,0,0,0,0,0,0,0,0,0,0,0,0,0,NA
"CFB005","SE",2020-05-06,33,16,0,11,0,0,0,0,0,0,1,0,0,0,0,0,0,0,0,0,0,0,0,0,0,0,0,0,0,4,0,0,0,0,0,0,0,0,0,0,0,0,0,NA
"CFB007","NW",2020-05-19,36,22,0,9,0,8,0,0,0,0,2,0,3,0,0,0,0,0,0,0,0,0,0,0,0,0,0,0,0,0,0,0,0,0,0,0,0,0,0,0,0,0,0,NA
"CFB007","SE",2020-05-19,36,24,3,8,0,0,0,0,0,0,0,0,0,0,0,0,0,0,0,0,0,0,0,0,0,0,0,0,0,7,0,0,6,0,0,0,0,0,0,0,0,0,0,NA
"CFB007","CE",2020-05-19,36,53,10,16,0,7,0,0,0,0,2,0,0,0,0,0,0,0,1,0,0,0,0,0,0,0,0,0,0,8,0,0,9,0,0,0,0,0,0,0,0,0,0,NA
"CFB008","SE",2020-05-19,36,52,4,21,0,11,0,0,0,0,0,0,1,0,0,0,0,0,0,0,1,0,0,0,0,0,0,0,0,13,0,0,0,0,0,0,0,0,1,0,0,0,0,NA
"CFB008","CE",2020-05-19,36,24,3,5,0,13,0,0,0,0,0,0,0,0,0,0,0,0,0,0,0,0,0,0,0,0,0,0,0,2,0,0,0,0,0,0,0,0,1,0,0,0,0,NA
"CFB008","NW",2020-05-19,36,30,8,11,0,4,0,0,0,0,0,0,1,0,0,0,0,0,0,0,0,0,0,0,0,0,0,0,0,6,0,0,0,0,0,0,0,0,0,0,0,0,0,NA
"CFB009","SE",2020-05-07,34,17,0,10,0,0,0,0,0,0,5,0,0,0,0,0,0,0,0,0,0,0,0,1,0,0,0,0,0,1,0,0,0,0,0,0,0,0,0,0,0,0,0,NA
"CFB009","CE",2020-05-07,34,2,0,0,0,0,0,0,2,0,0,0,0,0,0,0,0,0,0,0,0,0,0,0,0,0,0,0,0,0,0,0,0,0,0,0,0,0,0,0,0,0,0,"completely filled with ants"
"CFB010","CE",2020-04-23,36,3,0,3,0,0,0,0,0,0,0,0,0,0,0,0,0,0,0,0,0,0,0,0,0,0,0,0,0,0,0,0,0,0,0,0,0,0,0,0,0,0,0,NA
"CFB010","SE",2020-04-23,36,15,0,7,0,0,0,0,1,0,0,0,0,0,0,1,0,0,0,0,0,0,0,0,0,0,0,0,0,1,5,0,0,0,0,0,0,0,0,0,0,0,0,NA
"CFB010","NW",2020-04-23,36,30,13,6,0,1,0,0,1,0,0,0,0,0,0,0,1,0,0,0,0,3,0,0,0,0,0,0,0,5,0,0,0,0,0,0,0,0,0,0,0,0,0,NA
"CFB011","SE",2020-05-18,36,53,10,16,0,5,1,0,0,0,1,0,0,0,0,0,0,0,0,0,0,0,1,0,0,0,0,0,0,7,0,12,0,0,0,0,0,0,0,0,0,0,0,NA
"CFB011","NW",2020-05-18,36,37,8,0,0,9,0,0,0,0,3,0,0,0,0,0,0,0,0,0,0,0,7,0,0,0,0,0,0,0,0,10,0,0,0,0,0,0,0,0,0,0,0,NA
"CFB011","CE",2020-05-18,36,83,8,25,0,11,1,0,0,0,7,0,0,1,0,0,0,0,0,0,0,0,1,0,0,0,0,0,0,5,2,20,0,0,0,0,2,0,0,0,0,0,0,NA
"CFB014","CE",2020-04-20,36,9,0,1,1,0,0,0,0,0,1,0,0,0,0,1,0,0,0,0,0,0,0,0,0,0,0,0,0,5,0,0,0,0,0,0,0,0,0,0,0,0,0,NA
"CFB014","NW",2020-04-20,36,2,0,0,0,0,0,0,0,0,0,0,0,0,0,0,0,0,0,0,0,0,1,0,0,0,0,0,0,0,0,0,0,0,0,0,0,0,0,0,0,0,1,"damaged trap"
"CFB014","SE",2020-04-20,36,4,0,1,0,0,0,0,0,0,0,0,0,0,0,0,0,0,0,0,0,0,0,0,0,0,0,0,0,3,0,0,0,0,0,0,0,0,0,0,0,0,0,NA
"CFB015","CE",2020-05-14,39,6,0,0,0,1,0,0,0,0,2,0,0,0,0,0,0,0,0,0,0,0,0,0,0,0,0,0,0,2,1,0,0,0,0,0,0,0,0,0,0,0,0,NA
"CFB015","NW",2020-05-14,39,7,1,3,0,1,0,0,0,0,0,0,0,0,0,0,0,0,0,0,0,2,0,0,0,0,0,0,0,0,0,0,0,0,0,0,0,0,0,0,0,0,0,NA
"CFB015","SE",2020-05-14,39,12,6,2,0,0,0,0,0,0,1,0,0,0,0,0,0,0,0,0,0,0,3,0,0,0,0,0,0,0,0,0,0,0,0,0,0,0,0,0,0,0,0,NA
"CFB016","NW",2020-05-20,34,39,2,3,0,32,0,0,0,0,0,0,0,0,0,0,0,0,0,0,0,0,0,0,0,0,0,0,0,2,0,0,0,0,0,0,0,0,0,0,0,0,0,NA
"CFB016","SE",2020-05-20,34,25,1,7,0,6,0,0,0,0,0,0,0,0,0,0,0,0,0,0,0,1,2,0,0,0,0,0,0,7,0,1,0,0,0,0,0,0,0,0,0,0,0,NA
"CFB018","NW",2020-05-12,41,3,0,1,0,0,0,0,0,0,1,0,0,0,0,0,0,0,0,0,0,0,0,0,0,0,0,0,1,0,0,0,0,0,0,0,0,0,0,0,0,0,0,NA
"CFB018","CE",2020-05-12,41,27,0,11,0,0,0,0,0,0,6,0,0,0,0,0,0,0,0,0,0,0,0,0,0,1,0,0,0,1,7,1,0,0,0,0,0,0,0,0,0,0,0,NA
"CFB018","SE",2020-05-12,41,13,0,2,0,0,0,0,0,0,0,0,0,0,0,0,1,0,0,0,0,0,0,0,0,0,0,0,2,0,5,0,0,0,0,1,0,0,0,0,0,2,0,NA
"CFB020","CE",2020-05-12,41,17,0,4,0,2,0,0,0,0,2,0,0,0,0,0,0,0,0,0,0,0,0,0,0,0,0,0,0,1,7,0,0,0,0,0,1,0,0,0,0,0,0,NA
"CFB020","NW",2020-05-12,41,67,2,32,0,5,0,0,0,0,11,0,0,0,0,0,0,0,0,0,0,0,0,0,0,0,0,0,1,5,10,0,0,0,0,1,0,0,0,0,0,0,0,NA
"CFB020","SE",2020-05-12,41,36,0,23,0,4,0,0,0,0,0,0,0,0,0,0,0,0,0,0,0,0,0,0,0,0,0,0,1,4,4,0,0,0,0,0,0,0,0,0,0,0,0,NA
"CFB022","CE",2020-04-20,36,9,0,1,1,0,0,0,3,0,1,0,0,0,0,0,0,0,0,0,0,0,0,0,0,0,0,0,0,2,1,0,0,0,0,0,0,0,0,0,0,0,0,NA
"CFB022","NW",2020-04-20,36,30,0,4,4,4,0,0,2,0,4,0,0,0,0,0,0,0,0,0,0,0,0,0,0,0,0,0,0,10,0,2,0,0,0,0,0,0,0,0,0,0,0,NA
"CFB022","SE",2020-04-20,36,34,0,4,7,1,0,0,0,0,1,2,0,0,0,0,0,0,0,0,0,0,0,0,0,0,0,0,0,12,7,0,0,0,0,0,0,0,0,0,0,0,0,NA
"CFB028","CE",2020-05-19,37,39,4,12,0,5,0,0,0,0,0,0,0,0,0,0,0,0,0,0,0,2,1,0,0,0,0,0,0,15,0,0,0,0,0,0,0,0,0,0,0,0,0,NA
"CFB028","NW",2020-05-19,37,76,4,26,0,10,0,0,0,0,10,0,0,0,0,0,0,0,0,0,0,0,6,0,0,0,0,0,1,15,0,0,0,0,0,0,4,0,0,0,0,0,0,NA
"CFB028","SE",2020-05-19,37,65,11,25,0,5,0,0,0,0,2,0,0,0,0,0,0,0,0,1,0,2,1,0,0,0,0,0,0,17,0,0,0,0,0,0,1,0,0,0,0,0,0,NA
"CFB033","CE",2020-05-18,36,47,22,17,0,3,0,0,0,0,1,0,0,0,0,0,0,0,0,0,0,0,4,0,0,0,0,0,0,0,0,0,0,0,0,0,0,0,0,0,0,0,0,NA
"CFB033","NW",2020-05-18,36,22,10,11,0,0,0,0,0,0,0,0,0,0,0,0,0,0,0,0,0,0,1,0,0,0,0,0,0,0,0,0,0,0,0,0,0,0,0,0,0,0,0,NA
"CFB033","SE",2020-05-18,36,30,8,16,0,0,0,0,0,0,1,0,0,0,0,0,0,0,0,0,0,0,4,0,0,0,0,0,0,0,0,0,0,0,0,0,0,0,1,0,0,0,0,NA
"CFB034","NW",2020-04-27,36,8,1,1,0,1,0,0,0,0,0,0,0,0,0,0,0,0,0,0,0,0,0,0,0,0,0,0,0,3,0,1,0,0,0,1,0,0,0,0,0,0,0,NA
"CFB034","SE",2020-04-27,36,29,9,5,0,4,0,0,0,0,1,0,0,0,0,0,0,0,0,0,0,1,0,0,0,1,0,0,0,7,0,0,0,0,0,1,0,0,0,0,0,0,0,NA
"CFB034","CE",2020-04-27,36,33,7,3,0,7,0,0,0,0,0,0,0,4,0,0,0,0,0,0,0,0,0,0,0,0,0,0,0,11,0,0,0,0,0,1,0,0,0,0,0,0,0,NA
"CFB037","NW",2020-05-20,36,44,26,0,0,1,0,0,0,0,0,0,0,0,0,0,0,0,0,0,0,0,0,0,0,0,0,0,0,6,3,4,4,0,0,0,0,0,0,0,0,0,0,NA
"CFB037","SE",2020-05-20,36,29,13,5,0,4,0,0,0,0,0,0,0,0,0,0,1,0,0,0,0,0,4,0,0,0,0,0,0,2,0,0,0,0,0,0,0,0,0,0,0,0,0,NA
"CFB037","CE",2020-05-20,36,20,12,1,0,0,0,0,0,0,0,0,0,0,0,0,0,0,0,0,0,0,0,0,0,0,0,0,0,4,3,0,0,0,0,0,0,0,0,0,0,0,0,NA
"CFB039","CE",2020-04-20,36,34,0,9,0,15,0,0,2,0,7,0,0,0,0,0,0,0,0,0,0,1,0,0,0,0,0,0,0,0,0,0,0,0,0,0,0,0,0,0,0,0,0,NA
"CFB039","NW",2020-04-20,36,9,0,0,0,2,0,0,6,0,0,1,0,0,0,0,0,0,0,0,0,0,0,0,0,0,0,0,0,0,0,0,0,0,0,0,0,0,0,0,0,0,0,NA
"CFB039","SE",2020-04-20,36,36,1,10,0,8,0,0,1,0,7,0,0,0,1,0,0,0,0,0,0,2,2,0,1,0,0,1,0,0,0,2,0,0,0,0,0,0,0,0,0,0,0,NA
"CFB052","CE",2020-05-07,34,3,0,0,0,0,0,0,0,0,0,0,0,0,0,0,0,0,0,0,0,0,0,0,0,0,0,0,0,0,0,0,0,0,0,0,0,0,3,0,0,0,0,NA
"CFB052","NW",2020-05-07,34,14,0,0,0,1,0,0,0,0,0,0,0,0,0,0,0,0,0,0,0,0,0,0,0,0,0,0,0,0,0,0,0,0,11,0,0,0,1,1,0,0,0,NA
"CFB052","SE",2020-05-07,34,2,0,0,0,2,0,0,0,0,0,0,0,0,0,0,0,0,0,0,0,0,0,0,0,0,0,0,0,0,0,0,0,0,0,0,0,0,0,0,0,0,0,NA
"CFB060","CE",2020-04-22,37,28,0,18,2,2,0,0,0,0,0,0,0,0,0,0,0,0,0,0,0,0,2,0,0,0,0,0,0,4,0,0,0,0,0,0,0,0,0,0,0,0,0,NA
"CFB060","NW",2020-04-22,37,25,0,6,0,4,0,0,0,0,6,0,0,0,0,0,0,0,0,0,0,0,0,0,0,0,0,0,0,2,1,5,0,0,0,0,1,0,0,0,0,0,0,NA
"CFB060","SE",2020-04-22,37,44,0,17,8,1,0,0,0,1,1,0,0,0,0,0,0,0,0,0,0,0,3,0,0,0,0,0,0,6,4,2,1,0,0,0,0,0,0,0,0,0,0,NA
"CFB061","CE",2020-04-22,37,10,1,8,0,0,0,0,0,0,0,0,0,0,0,0,0,0,0,0,0,0,0,0,0,0,0,0,0,1,0,0,0,0,0,0,0,0,0,0,0,0,0,NA
"CFB061","NW",2020-04-22,37,10,2,8,0,0,0,0,0,0,0,0,0,0,0,0,0,0,0,0,0,0,0,0,0,0,0,0,0,0,0,0,0,0,0,0,0,0,0,0,0,0,0,NA
"CFB061","SE",2020-04-22,37,30,0,23,0,0,0,0,0,0,0,0,0,0,0,0,0,0,0,0,0,0,0,0,0,0,0,0,0,7,0,0,0,0,0,0,0,0,0,0,0,0,0,NA
"CFB068","NW",2020-05-04,35,32,0,11,1,9,0,0,0,0,0,0,0,0,0,0,0,0,0,0,0,0,0,0,0,0,0,0,0,11,0,0,0,0,0,0,0,0,0,0,0,0,0,NA
"CFB068","SE",2020-05-04,35,31,1,2,2,16,0,0,0,0,0,0,0,0,0,0,0,0,0,0,0,0,0,0,0,0,0,0,0,10,0,0,0,0,0,0,0,0,0,0,0,0,0,NA
"CFB073","CE",2020-05-06,34,29,0,4,7,5,0,0,0,0,0,0,0,0,0,0,0,0,0,0,0,0,0,0,0,0,0,0,1,10,2,0,0,0,0,0,0,0,0,0,0,0,0,NA
"CFB073","NW",2020-05-06,34,16,0,1,6,1,0,0,0,0,0,0,0,0,0,0,0,0,0,0,0,0,1,0,0,0,0,0,0,7,0,0,0,0,0,0,0,0,0,0,0,0,0,NA
"CFB073","SE",2020-05-06,34,36,0,1,11,9,0,0,0,0,0,0,0,0,0,0,0,0,0,0,0,0,0,0,0,0,0,0,0,15,0,0,0,0,0,0,0,0,0,0,0,0,0,NA
"CFB079","SE",2020-05-06,33,23,1,7,0,9,0,0,0,0,2,0,0,0,0,0,0,0,0,0,0,0,0,0,0,0,0,0,0,3,1,0,0,0,0,0,0,0,0,0,0,0,0,NA
"CFB079","NW",2020-05-06,33,29,0,11,7,1,0,0,0,0,1,0,1,0,0,0,0,0,0,0,0,3,0,0,0,0,0,0,0,4,0,0,0,0,0,1,0,0,0,0,0,0,0,NA
"CFB079","CE",2020-05-06,33,44,0,20,0,0,0,0,0,0,0,0,0,0,0,0,0,0,0,0,0,18,0,0,0,0,0,0,0,5,1,0,0,0,0,0,0,0,0,0,0,0,0,NA
"CFB084","CE",2020-04-29,35,2,0,0,0,0,0,2,0,0,0,0,0,0,0,0,0,0,0,0,0,0,0,0,0,0,0,0,0,0,0,0,0,0,0,0,0,0,0,0,0,0,0,NA
"CFB084","NW",2020-04-29,35,11,0,3,3,1,0,0,0,0,1,0,0,0,0,0,0,0,0,0,0,0,0,0,0,0,0,0,0,1,2,0,0,0,0,0,0,0,0,0,0,0,0,NA
"CFB084","SE",2020-04-29,35,11,0,1,5,0,0,0,0,0,0,0,0,0,0,0,0,0,0,0,0,0,0,0,0,0,0,0,0,4,0,0,0,0,0,0,0,0,0,0,1,0,0,NA
"CFB086","CE",2020-05-07,33,28,0,16,4,1,0,0,0,0,2,0,0,0,0,0,0,0,0,0,0,0,0,0,0,0,0,0,0,1,4,0,0,0,0,0,0,0,0,0,0,0,0,NA
"CFB086","NW",2020-05-07,33,11,0,8,2,0,0,0,0,0,0,0,0,0,0,0,0,0,0,0,0,0,0,0,0,0,0,0,0,1,0,0,0,0,0,0,0,0,0,0,0,0,0,NA
"CFB086","SE",2020-05-07,33,37,0,27,2,2,0,0,0,0,2,1,0,0,0,0,0,0,0,0,0,0,0,0,0,0,0,0,0,2,1,0,0,0,0,0,0,0,0,0,0,0,0,NA
"CFB087","CE",2020-05-06,34,87,2,8,0,0,0,0,0,0,7,0,0,4,0,0,0,0,0,0,0,0,0,0,0,0,0,0,0,11,54,0,0,0,0,0,0,1,0,0,0,0,0,NA
"CFB087","NW",2020-05-06,34,68,0,29,0,10,0,0,0,0,19,0,0,0,0,0,0,0,0,0,0,0,1,0,0,0,0,0,0,2,4,0,0,0,0,2,1,0,0,0,0,0,0,NA
"CFB087","SE",2020-05-06,34,29,0,8,0,1,0,0,0,0,2,0,0,0,0,0,0,0,0,0,0,0,0,0,0,0,0,0,1,7,9,0,0,0,0,1,0,0,0,0,0,0,0,NA
"CFB091","NW",2020-05-18,40,91,26,13,3,17,0,0,0,0,7,0,0,2,0,0,0,0,0,0,0,1,5,0,0,0,0,0,0,15,0,0,1,0,0,0,0,0,1,0,0,0,0,NA
"CFB091","CE",2020-05-18,40,113,33,27,0,23,0,0,0,0,2,0,0,0,0,1,0,0,1,0,0,0,3,0,0,0,0,0,0,17,0,1,5,0,0,0,0,0,0,0,0,0,0,NA
"CFB091","SE",2020-05-18,40,45,14,3,0,5,0,0,0,0,4,0,0,1,0,0,0,0,0,0,0,0,3,0,0,0,0,0,0,13,0,0,1,0,0,1,0,0,0,0,0,0,0,NA
"CFB093","NW",2020-05-04,35,1,0,1,0,0,0,0,0,0,0,0,0,0,0,0,0,0,0,0,0,0,0,0,0,0,0,0,0,0,0,0,0,0,0,0,0,0,0,0,0,0,0,NA
"CFB093","CE",2020-05-04,35,47,3,20,3,2,0,0,0,0,3,0,0,0,0,0,0,0,0,0,0,2,0,0,0,0,0,0,0,10,1,0,0,0,0,2,0,0,0,0,0,0,1,NA
"CFB093","SE",2020-05-04,35,9,0,2,0,0,0,0,0,0,0,0,0,0,0,1,0,0,0,0,0,1,1,0,0,0,0,0,0,2,0,0,0,0,0,2,0,0,0,0,0,0,0,NA
"CFB094","SE",2020-05-18,40,3,1,0,0,0,0,0,0,0,0,0,0,0,0,0,0,0,0,0,0,0,1,0,0,0,0,0,0,0,0,1,0,0,0,0,0,0,0,0,0,0,0,NA
"CFB094","NW",2020-05-18,40,40,5,18,0,4,0,0,0,0,4,0,0,4,0,0,1,0,0,0,0,0,0,0,0,0,0,0,0,4,0,0,0,0,0,0,0,0,0,0,0,0,0,NA
"CFB094","CE",2020-05-18,40,27,5,6,0,13,0,0,0,0,0,0,0,0,0,0,1,0,0,0,0,0,0,0,0,2,0,0,0,0,0,0,0,0,0,0,0,0,0,0,0,0,0,NA
"CFB101","NW",2020-05-19,37,36,0,18,0,3,0,0,0,0,2,0,0,0,0,0,0,0,0,0,0,0,0,0,0,0,0,0,0,6,6,0,0,0,0,0,1,0,0,0,0,0,0,NA
"CFB101","SE",2020-05-19,37,6,0,1,0,3,0,0,0,0,0,0,0,0,0,0,0,1,0,0,0,0,0,0,0,0,0,0,0,0,1,0,0,0,0,0,0,0,0,0,0,0,0,NA
"CFB101","CE",2020-05-19,37,48,1,9,0,7,0,0,0,0,0,0,0,1,0,0,0,0,0,0,0,0,0,0,0,0,0,0,0,27,3,0,0,0,0,0,0,0,0,0,0,0,0,NA
"CFB103","CE",2020-05-07,33,2,0,0,1,0,0,0,0,0,0,0,0,0,0,0,0,0,0,0,0,0,0,0,0,0,0,0,0,1,0,0,0,0,0,0,0,0,0,0,0,0,0,NA
"CFB103","NW",2020-05-07,33,8,0,0,2,0,0,0,0,0,2,1,0,0,0,0,0,0,0,0,0,0,0,0,0,0,0,0,0,2,1,0,0,0,0,0,0,0,0,0,0,0,0,NA
"CFB103","SE",2020-05-07,33,2,0,1,1,0,0,0,0,0,0,0,0,0,0,0,0,0,0,0,0,0,0,0,0,0,0,0,0,0,0,0,0,0,0,0,0,0,0,0,0,0,0,NA
"CFB104","CE",2020-04-22,37,29,1,10,1,6,0,0,0,0,3,0,0,0,0,0,0,0,0,0,0,0,2,0,0,0,0,0,0,0,0,6,0,0,0,0,0,0,0,0,0,0,0,NA
"CFB104","NW",2020-04-22,37,50,0,8,3,13,0,0,0,0,12,2,0,0,0,1,0,0,0,0,0,1,10,0,0,0,0,0,0,0,0,0,0,0,0,0,0,0,0,0,0,0,0,NA
"CFB104","SE",2020-04-22,37,14,0,4,0,2,0,0,0,0,3,1,0,0,0,0,0,0,0,0,0,0,3,0,0,0,0,0,0,0,0,1,0,0,0,0,0,0,0,0,0,0,0,NA
"CFB106","CE",2020-04-27,36,56,20,7,1,6,0,0,0,0,0,0,0,0,0,0,0,0,0,0,0,5,1,0,0,0,0,0,0,15,0,1,0,0,0,0,0,0,0,0,0,0,0,NA
"CFB106","NW",2020-04-27,36,4,1,1,0,1,0,0,0,0,0,0,0,0,0,0,0,0,0,0,0,0,0,0,0,0,0,0,0,1,0,0,0,0,0,0,0,0,0,0,0,0,0,NA
"CFB106","SE",2020-04-27,36,41,15,9,1,3,0,0,0,0,2,0,0,0,0,0,0,0,0,0,0,2,2,0,0,0,0,0,0,6,0,0,0,0,0,0,1,0,0,0,0,0,0,NA
"CFB107","CE",2020-04-22,37,56,16,17,0,3,0,0,0,0,3,0,0,0,0,3,0,0,0,0,0,3,4,0,0,0,0,0,0,6,0,0,0,0,0,0,1,0,0,0,0,0,0,NA
"CFB107","NW",2020-04-22,37,6,2,4,0,0,0,0,0,0,0,0,0,0,0,0,0,0,0,0,0,0,0,0,0,0,0,0,0,0,0,0,0,0,0,0,0,0,0,0,0,0,0,"completely filled with ants"
"CFB107","SE",2020-04-22,37,30,8,7,1,1,0,0,0,0,7,0,0,3,0,1,0,0,0,0,0,1,0,0,0,0,0,0,0,1,0,0,0,0,0,0,0,0,0,0,0,0,0,NA
"CFB108","NW",2020-05-18,40,172,28,37,0,10,0,0,0,0,20,0,0,0,0,0,0,0,0,0,0,0,12,0,0,0,0,0,0,25,2,38,0,0,0,0,0,0,0,0,0,0,0,NA
"CFB108","SE",2020-05-18,40,85,10,12,0,8,0,0,0,0,6,0,0,3,0,0,0,0,0,0,0,0,5,0,0,0,0,0,0,15,0,21,5,0,0,0,0,0,0,0,0,0,0,NA
"CFB108","CE",2020-05-18,40,72,22,13,0,10,0,0,0,0,0,0,0,0,0,0,0,0,0,0,0,0,11,0,0,0,0,0,0,8,0,7,0,0,0,0,0,0,1,0,0,0,0,NA
"CFB110","CE",2020-05-12,34,37,0,8,6,1,0,0,0,0,2,0,0,0,0,0,0,0,0,0,0,0,0,0,0,0,0,0,0,15,4,0,0,0,0,0,1,0,0,0,0,0,0,NA
"CFB110","SE",2020-05-12,34,10,0,5,1,0,0,0,0,0,0,0,0,0,0,0,0,0,0,0,0,0,0,0,0,0,0,0,0,1,3,0,0,0,0,0,0,0,0,0,0,0,0,NA
"CFB110","NW",2020-05-12,34,30,0,6,6,4,0,0,0,0,5,0,0,0,0,0,0,0,0,0,0,0,0,0,0,0,0,0,0,7,0,2,0,0,0,0,0,0,0,0,0,0,0,NA
"CFB111","SE",2020-04-21,36,17,5,4,0,4,0,0,0,0,0,0,0,0,0,0,0,0,0,0,0,0,3,0,0,0,1,0,0,0,0,0,0,0,0,0,0,0,0,0,0,0,0,NA
"CFB111","CE",2020-04-21,36,115,69,28,0,8,0,0,0,0,3,0,0,0,0,0,0,0,0,0,0,0,7,0,0,0,0,0,0,0,0,0,0,0,0,0,0,0,0,0,0,0,0,NA
"CFB111","NW",2020-04-21,36,20,8,6,0,1,0,0,0,0,0,0,0,0,0,0,0,0,0,0,0,0,4,0,0,0,0,0,0,1,0,0,0,0,0,0,0,0,0,0,0,0,0,NA
"CFB113","CE",2020-05-14,39,23,1,6,0,11,0,0,0,0,0,0,0,1,0,0,0,0,0,0,0,0,0,0,0,0,0,0,0,3,0,0,0,0,0,0,1,0,0,0,0,0,0,NA
"CFB113","NW",2020-05-14,39,27,5,8,0,0,0,0,0,0,0,0,1,0,0,0,0,0,0,0,0,0,0,0,0,0,0,0,0,13,0,0,0,0,0,0,0,0,0,0,0,0,0,NA
"CFB113","SE",2020-05-14,39,28,6,8,0,1,0,0,0,0,3,0,0,0,0,0,0,0,0,0,0,0,0,0,0,0,0,0,0,7,1,0,1,0,0,0,0,0,1,0,0,0,0,NA
"CFB114","CE",2020-04-23,34,39,2,14,3,1,0,0,2,0,14,0,0,0,0,0,0,0,0,0,0,0,0,0,0,0,0,0,0,0,0,2,0,0,0,0,1,0,0,0,0,0,0,NA
"CFB114","NW",2020-04-23,34,14,0,3,2,4,0,0,0,0,2,0,0,0,0,0,0,0,0,0,0,0,0,0,0,0,0,0,0,0,0,3,0,0,0,0,0,0,0,0,0,0,0,NA
"CFB114","SE",2020-04-23,34,7,0,2,1,0,0,0,0,0,3,0,0,0,0,0,0,0,0,0,0,1,0,0,0,0,0,0,0,0,0,0,0,0,0,0,0,0,0,0,0,0,0,NA
"CFB118","CE",2020-04-20,36,11,1,1,2,2,0,0,0,0,0,0,0,0,0,0,0,0,0,0,0,0,0,0,0,0,0,0,0,5,0,0,0,0,0,0,0,0,0,0,0,0,0,NA
"CFB118","NW",2020-04-20,36,0,0,0,0,0,0,0,0,0,0,0,0,0,0,0,0,0,0,0,0,0,0,0,0,0,0,0,0,0,0,0,0,0,0,0,0,0,0,0,0,0,0,NA
"CFB118","SE",2020-04-20,36,1,0,1,0,0,0,0,0,0,0,0,0,0,0,0,0,0,0,0,0,0,0,0,0,0,0,0,0,0,0,0,0,0,0,0,0,0,0,0,0,0,0,NA
"CFB119","SE",2020-05-12,34,14,1,3,0,2,0,0,0,0,0,0,0,0,0,0,0,0,0,0,0,0,1,0,0,0,0,0,0,6,0,0,0,0,0,0,1,0,0,0,0,0,0,NA
"CFB119","CE",2020-05-12,34,24,3,5,0,0,0,0,0,0,0,0,0,0,0,0,0,0,0,0,0,0,2,0,0,0,0,0,0,13,0,0,0,0,0,0,0,0,1,0,0,0,0,NA
"CFB119","NW",2020-05-12,34,0,0,0,0,0,0,0,0,0,0,0,0,0,0,0,0,0,0,0,0,0,0,0,0,0,0,0,0,0,0,0,0,0,0,0,0,0,0,0,0,0,0,NA
"CFB121","CE",2020-04-21,36,27,1,0,13,6,0,0,0,0,2,0,0,0,0,0,0,0,0,3,0,0,1,0,0,0,0,0,0,1,0,0,0,0,0,0,0,0,0,0,0,0,0,NA
"CFB121","NW",2020-04-21,36,39,5,6,1,8,0,0,0,0,1,0,0,0,0,0,0,0,0,0,0,0,9,0,0,0,0,0,0,9,0,0,0,0,0,0,0,0,0,0,0,0,0,NA
"CFB121","SE",2020-04-21,36,7,0,1,1,0,0,0,0,0,0,0,0,0,0,0,0,0,0,0,0,0,3,0,0,0,2,0,0,0,0,0,0,0,0,0,0,0,0,0,0,0,0,NA
"CFB122","CE",2020-04-21,36,31,18,7,0,1,0,0,0,0,1,0,0,0,0,0,0,0,0,0,1,2,0,1,0,0,0,0,0,0,0,0,0,0,0,0,0,0,0,0,0,0,0,NA
"CFB122","NW",2020-04-21,36,11,3,5,0,3,0,0,0,0,0,0,0,0,0,0,0,0,0,0,0,0,0,0,0,0,0,0,0,0,0,0,0,0,0,0,0,0,0,0,0,0,0,NA
"CFB122","SE",2020-04-21,36,25,9,5,1,0,0,0,0,0,3,0,0,0,0,0,0,0,0,0,0,0,0,0,0,0,0,0,0,1,6,0,0,0,0,0,0,0,0,0,0,0,0,NA
"CFB124","SE",2020-04-27,36,68,10,19,0,10,0,0,0,0,10,0,0,0,0,0,0,0,0,1,0,0,6,0,0,2,0,0,0,10,0,0,0,0,0,0,0,0,0,0,0,0,0,NA
"CFB124","CE",2020-04-27,36,20,0,5,0,6,0,0,0,0,6,0,0,0,0,0,0,0,0,0,0,0,0,0,0,1,0,0,0,0,1,1,0,0,0,0,0,0,0,0,0,0,0,NA
"CFB124","NW",2020-04-27,36,89,6,16,0,5,0,0,0,0,59,0,0,2,0,0,0,0,0,0,0,0,0,0,0,0,0,0,0,0,1,0,0,0,0,0,0,0,0,0,0,0,0,NA
"CFB125","CE",2020-04-21,36,37,7,6,4,8,0,0,0,1,2,1,0,4,0,0,0,0,0,0,0,0,3,0,0,1,0,0,0,0,0,0,0,0,0,0,0,0,0,0,0,0,0,NA
"CFB125","NW",2020-04-21,36,8,0,1,1,4,0,0,0,0,0,0,0,0,0,0,0,0,0,0,0,1,1,0,0,0,0,0,0,0,0,0,0,0,0,0,0,0,0,0,0,0,0,NA
"CFB125","SE",2020-04-21,36,7,1,2,1,0,1,0,0,0,0,0,0,0,0,0,0,0,0,0,0,0,0,0,0,0,0,0,0,2,0,0,0,0,0,0,0,0,0,0,0,0,0,NA
"CFB128","CE",2020-05-14,39,14,0,1,0,3,0,0,0,0,2,0,0,1,0,0,0,0,0,0,0,0,0,0,0,0,0,0,0,7,0,0,0,0,0,0,0,0,0,0,0,0,0,NA
"CFB128","NW",2020-05-14,39,27,0,3,0,17,0,0,0,0,3,0,0,0,0,0,0,0,0,0,0,0,0,0,0,0,0,0,2,2,0,0,0,0,0,0,0,0,0,0,0,0,0,NA
"CFB135","CE",2020-04-21,36,21,12,6,1,2,0,0,0,0,0,0,0,0,0,0,0,0,0,0,0,0,0,0,0,0,0,0,0,0,0,0,0,0,0,0,0,0,0,0,0,0,0,NA
"CFB135","NW",2020-04-21,36,20,2,7,2,1,0,0,0,0,4,0,0,0,0,0,0,0,0,0,0,0,4,0,0,0,0,0,0,0,0,0,0,0,0,0,0,0,0,0,0,0,0,NA
"CFB135","SE",2020-04-21,36,28,21,4,0,2,0,0,0,0,1,0,0,0,0,0,0,0,0,0,0,0,0,0,0,0,0,0,0,0,0,0,0,0,0,0,0,0,0,0,0,0,0,NA
"CFB140","CE",2020-04-29,35,24,0,9,4,1,0,0,0,0,1,0,0,0,0,0,0,0,0,0,0,0,0,0,0,0,0,0,0,1,8,0,0,0,0,0,0,0,0,0,0,0,0,NA
"CFB140","SE",2020-04-29,35,40,0,15,11,0,0,0,0,0,0,0,0,0,0,0,0,0,0,0,0,0,0,0,0,0,0,0,0,5,9,0,0,0,0,0,0,0,0,0,0,0,0,NA
"CFB140","NW",2020-04-29,35,14,1,4,0,1,0,0,0,0,2,0,0,0,0,0,0,0,0,0,0,0,0,0,0,0,0,0,0,6,0,0,0,0,0,0,0,0,0,0,0,0,0,NA
"CFB141","CE",2020-04-29,35,7,0,2,4,0,0,0,0,0,0,0,0,0,0,0,0,0,0,0,0,0,0,0,0,0,0,0,0,0,1,0,0,0,0,0,0,0,0,0,0,0,0,NA
"CFB141","SE",2020-04-29,35,1,0,1,0,0,0,0,0,0,0,0,0,0,0,0,0,0,0,0,0,0,0,0,0,0,0,0,0,0,0,0,0,0,0,0,0,0,0,0,0,0,0,NA
"CFB141","NW",2020-04-29,35,9,0,8,0,1,0,0,0,0,0,0,0,0,0,0,0,0,0,0,0,0,0,0,0,0,0,0,0,0,0,0,0,0,0,0,0,0,0,0,0,0,0,NA
"CFB148","CE",2020-05-07,34,15,0,10,0,0,0,0,0,0,3,0,0,0,0,0,0,0,0,0,0,0,0,0,0,0,0,0,0,1,0,0,0,0,0,0,0,0,1,0,0,0,0,NA
"CFB148","NW",2020-05-07,34,26,0,8,0,7,0,0,0,0,2,0,0,1,0,0,0,0,0,0,0,0,1,0,0,0,0,0,3,2,0,0,0,0,0,0,2,0,0,0,0,0,0,NA
"CFB148","SE",2020-05-07,34,6,0,1,0,4,0,0,0,0,1,0,0,0,0,0,0,0,0,0,0,0,0,0,0,0,0,0,0,0,0,0,0,0,0,0,0,0,0,0,0,0,0,NA
"CFB151","CE",2020-05-08,33,21,0,2,0,3,0,0,0,0,0,0,0,0,0,0,0,0,0,0,0,0,15,0,0,0,0,0,0,1,0,0,0,0,0,0,0,0,0,0,0,0,0,NA
"CFB151","NW",2020-05-08,33,41,0,25,0,4,0,0,0,0,4,0,0,1,0,0,0,0,0,0,0,0,2,0,0,0,0,0,0,5,0,0,0,0,0,0,0,0,0,0,0,0,0,NA
"CFB151","SE",2020-05-08,33,26,0,2,0,7,0,0,0,0,1,0,0,0,0,0,0,0,0,0,0,0,7,0,0,0,0,0,0,9,0,0,0,0,0,0,0,0,0,0,0,0,0,NA
"CFB152","CE",2020-05-08,21,5,0,2,0,0,0,0,0,0,0,0,1,0,0,0,0,0,0,0,0,0,0,0,0,0,0,0,0,2,0,0,0,0,0,0,0,0,0,0,0,0,0,NA
"CFB152","NW",2020-05-08,21,23,0,4,0,6,0,0,0,0,0,0,3,0,0,0,0,0,0,0,0,0,7,0,0,0,0,0,1,2,0,0,0,0,0,0,0,0,0,0,0,0,0,NA
"CFB152","SE",2020-05-08,21,26,0,6,0,5,0,0,0,0,5,0,1,1,0,0,0,0,0,0,0,0,6,0,0,0,0,0,1,1,0,0,0,0,0,0,0,0,0,0,0,0,0,NA
"CFB160","NW",2020-05-08,32,17,1,5,4,2,0,1,0,0,1,0,0,0,0,0,0,0,0,0,0,0,1,0,0,0,0,0,0,0,2,0,0,0,0,0,0,0,0,0,0,0,0,NA
"CFB160","CE",2020-05-08,32,41,5,14,3,6,0,0,0,0,1,0,0,0,0,0,0,0,0,0,0,1,0,0,0,1,0,0,0,9,0,0,0,0,0,1,0,0,0,0,0,0,0,NA
"CFB160","SE",2020-05-08,32,18,4,9,1,1,0,0,0,0,0,0,0,0,0,0,0,0,0,0,0,1,0,0,0,0,0,0,0,2,0,0,0,0,0,0,0,0,0,0,0,0,0,NA
"CFB161","CE",2020-05-08,35,34,2,8,1,6,0,0,0,0,2,0,0,1,0,0,1,0,0,0,0,1,2,0,0,1,0,0,1,1,4,0,0,0,0,0,3,0,0,0,0,0,0,NA
"CFB161","NW",2020-05-08,35,7,0,4,1,1,0,0,0,0,0,0,0,0,0,0,0,0,0,0,0,1,0,0,0,0,0,0,0,0,0,0,0,0,0,0,0,0,0,0,0,0,0,NA
"CFB161","SE",2020-05-08,35,29,0,11,1,9,0,0,0,0,4,0,3,0,0,0,0,0,0,0,0,0,0,0,0,0,0,0,0,1,0,0,0,0,0,0,0,0,0,0,0,0,0,NA
"CFB165","SE",2020-05-12,41,53,4,12,0,0,0,0,0,0,18,0,0,1,0,0,0,0,0,0,0,1,1,0,0,0,0,0,0,14,2,0,0,0,0,0,0,0,0,0,0,0,0,NA
"CFB165","CE",2020-05-12,41,48,1,21,0,0,0,0,0,0,7,0,0,0,0,0,0,0,1,0,0,0,0,0,0,0,0,0,0,4,0,13,0,0,0,0,1,0,0,0,0,0,0,NA
"CFB165","NW",2020-05-12,41,57,0,24,0,0,0,0,0,0,25,0,0,0,0,0,0,0,0,0,0,0,0,0,0,0,0,0,0,5,0,3,0,0,0,0,0,0,0,0,0,0,0,NA
"CFB172","SE",2020-04-27,36,21,1,3,0,3,0,0,0,0,0,0,0,0,0,0,0,0,0,0,0,1,0,0,0,2,0,0,0,11,0,0,0,0,0,0,0,0,0,0,0,0,0,NA
"CFB172","CE",2020-04-27,36,5,1,0,0,0,0,0,0,0,0,0,0,0,0,0,0,0,0,0,0,0,3,0,0,0,0,0,0,1,0,0,0,0,0,0,0,0,0,0,0,0,0,NA
"CFB172","NW",2020-04-27,36,14,3,6,0,1,0,0,0,0,0,0,0,0,0,0,0,0,0,0,0,0,1,0,0,0,0,0,0,3,0,0,0,0,0,0,0,0,0,0,0,0,0,NA
"CFB178","CE",2020-04-21,45,8,3,3,1,0,0,0,0,0,0,0,0,0,0,0,0,0,0,0,0,0,0,0,0,0,0,0,0,1,0,0,0,0,0,0,0,0,0,0,0,0,0,NA
"CFB178","NW",2020-04-21,45,5,0,0,0,1,0,0,0,0,0,0,0,0,0,0,0,0,0,0,0,0,0,0,0,0,0,0,0,4,0,0,0,0,0,0,0,0,0,0,0,0,0,NA
"CFB178","SE",2020-04-21,45,9,0,1,1,2,0,0,0,0,0,0,0,0,0,0,0,0,0,0,0,0,0,0,0,0,0,0,1,4,0,0,0,0,0,0,0,0,0,0,0,0,0,NA
"CFB179","CE",2020-05-12,34,1,0,1,0,0,0,0,0,0,0,0,0,0,0,0,0,0,0,0,0,0,0,0,0,0,0,0,0,0,0,0,0,0,0,0,0,0,0,0,0,0,0,NA
"CFB179","NW",2020-05-12,34,38,0,13,0,0,0,0,0,0,3,0,0,1,0,0,0,0,0,0,0,0,0,0,0,1,0,0,0,9,11,0,0,0,0,0,0,0,0,0,0,0,0,NA
"CFB179","SE",2020-05-12,34,6,0,0,0,0,0,0,0,0,0,0,0,1,0,0,0,0,0,0,0,1,4,0,0,0,0,0,0,0,0,0,0,0,0,0,0,0,0,0,0,0,0,NA
"CFB180","CE",2020-04-27,36,47,2,12,0,11,0,0,0,0,14,0,0,0,0,0,0,0,0,0,0,0,0,0,0,0,0,0,0,8,0,0,0,0,0,0,0,0,0,0,0,0,0,NA
"CFB180","NW",2020-04-27,36,24,4,9,0,2,0,0,0,0,4,0,0,1,0,0,0,0,0,0,0,2,0,0,0,0,0,0,0,2,0,0,0,0,0,0,0,0,0,0,0,0,0,NA
"CFB180","SE",2020-04-27,36,28,2,6,0,3,0,0,0,0,11,0,0,0,0,0,0,0,0,0,0,0,0,0,0,0,0,0,0,4,1,0,0,0,0,0,1,0,0,0,0,0,0,NA
"CFB181","SE",2020-05-08,33,50,0,21,0,3,0,0,0,0,21,0,4,0,0,0,0,0,0,0,0,0,0,0,0,0,0,0,0,0,0,0,0,0,0,1,0,0,0,0,0,0,0,NA
"CFB181","CE",2020-05-08,33,81,1,32,0,15,0,0,1,0,18,0,3,0,0,0,0,0,0,1,0,0,4,0,0,0,0,0,0,4,2,0,0,0,0,0,0,0,0,0,0,0,0,NA
"CFB181","NW",2020-05-08,33,14,0,5,0,2,0,0,1,0,3,0,0,0,0,0,0,0,0,0,0,0,1,0,0,2,0,0,0,0,0,0,0,0,0,0,0,0,0,0,0,0,0,NA
"CFB182","NW",2020-05-14,41,49,4,18,0,1,0,0,0,0,1,0,0,0,0,0,0,0,0,1,0,0,3,0,0,0,0,0,0,16,2,0,0,0,0,0,3,0,0,0,0,0,0,NA
"CFB182","CE",2020-05-14,41,46,2,28,2,4,0,0,0,0,2,0,0,0,0,0,0,0,0,0,0,0,1,0,0,0,0,0,0,7,0,0,0,0,0,0,0,0,0,0,0,0,0,NA
"CFB182","SE",2020-05-14,41,63,8,33,5,1,0,0,0,0,4,0,0,0,0,1,0,0,0,1,0,0,0,0,0,0,0,0,0,10,0,0,0,0,0,0,0,0,0,0,0,0,0,NA
"CFB183","CE",2020-04-27,36,19,2,2,0,3,0,0,0,0,0,0,0,0,0,0,0,0,0,0,0,0,0,0,0,0,0,0,0,10,2,0,0,0,0,0,0,0,0,0,0,0,0,NA
"CFB183","NW",2020-04-27,36,47,23,12,0,4,0,0,0,0,1,0,0,0,0,0,0,0,0,0,0,0,0,0,0,0,0,0,0,7,0,0,0,0,0,0,0,0,0,0,0,0,0,NA
"CFB183","SE",2020-04-27,36,33,10,5,0,4,0,0,0,0,0,0,0,0,0,0,0,0,0,0,0,0,3,0,0,0,0,0,0,11,0,0,0,0,0,0,0,0,0,0,0,0,0,NA
"CFB186","SE",2020-05-06,33,45,1,39,1,0,0,0,0,0,0,0,0,0,0,0,0,0,0,0,0,0,0,0,0,0,0,0,0,3,0,1,0,0,0,0,0,0,0,0,0,0,0,NA
"CFB186","NW",2020-05-06,33,73,3,35,3,3,0,0,0,1,0,0,0,0,0,0,0,0,0,0,0,5,2,1,0,0,0,0,0,3,0,17,0,0,0,0,0,0,0,0,0,0,0,NA
"CFB186","CE",2020-05-06,33,40,2,23,1,2,0,0,0,0,0,0,0,0,0,0,0,0,0,0,0,0,5,0,0,0,0,0,0,1,0,5,0,1,0,0,0,0,0,0,0,0,0,NA
